{"exact": 48.65301724137931, "f1": 59.01504374505186, "total": 3712, "HasAns_exact": 43.91371340523883, "HasAns_f1": 58.730293675513295, "HasAns_total": 2596, "NoAns_exact": 59.67741935483871, "NoAns_f1": 59.67741935483871, "NoAns_total": 1116}