{"exact": 27.64008620689655, "f1": 47.77194278222975, "total": 3712, "HasAns_exact": 14.214175654853621, "HasAns_f1": 43.000559170892465, "HasAns_total": 2596, "NoAns_exact": 58.87096774193548, "NoAns_f1": 58.87096774193548, "NoAns_total": 1116}