{"exact": 12.419181034482758, "f1": 33.48460916118296, "total": 3712, "HasAns_exact": 14.907550077041602, "HasAns_f1": 45.028840218147586, "HasAns_total": 2596, "NoAns_exact": 6.630824372759856, "NoAns_f1": 6.630824372759856, "NoAns_total": 1116}