{"exact": 16.648706896551722, "f1": 35.02259558707834, "total": 3712, "HasAns_exact": 14.48382126348228, "HasAns_f1": 40.75650031557582, "HasAns_total": 2596, "NoAns_exact": 21.684587813620073, "NoAns_f1": 21.684587813620073, "NoAns_total": 1116}