{"exact": 16.029094827586206, "f1": 35.07548499700017, "total": 3712, "HasAns_exact": 14.48382126348228, "HasAns_f1": 41.71810489555648, "HasAns_total": 2596, "NoAns_exact": 19.623655913978496, "NoAns_f1": 19.623655913978496, "NoAns_total": 1116}