{"exact": 16.244612068965516, "f1": 38.01299951539737, "total": 3712, "HasAns_exact": 22.919876733436055, "HasAns_f1": 54.04632288180086, "HasAns_total": 2596, "NoAns_exact": 0.7168458781362007, "NoAns_f1": 0.7168458781362007, "NoAns_total": 1116}