{"exact": 46.41702586206897, "f1": 57.212760547822405, "total": 3712, "HasAns_exact": 43.335901386748844, "HasAns_f1": 58.77263757839628, "HasAns_total": 2596, "NoAns_exact": 53.584229390681, "NoAns_f1": 53.584229390681, "NoAns_total": 1116}