{"exact": 41.94504310344828, "f1": 62.61461811871214, "total": 3712, "HasAns_exact": 47.07241910631741, "HasAns_f1": 76.6276819940907, "HasAns_total": 2596, "NoAns_exact": 30.017921146953405, "NoAns_f1": 30.017921146953405, "NoAns_total": 1116}